thu_muc_su_kien,ngay,tieu_de_co_dau
2025-07-16_Bao-dam-van-hanh-luoi-dien-TPHCM-tren-dia-ban-Tinh-Binh-Duong-cu-an,16/07/2025,Bảo đảm vận hành lưới điện TP.HCM trên địa bàn tỉnh Bình Dương cũ
2025-07-23_TRAO-DOI-NGHIEP-VU-CONG-TAC-TO-CHUC-NHAN-SU-GIUA-CONG-TY-DIEN-LUC-THU,23/07/2025,Trao đổi nghiệp vụ công tác tổ chức nhân sự giữa các công ty điện lực
2025-08-04_CONG-BO-QUYET-DINH-THANH-LAP-CONG-TY-DIEN-LUC-VUNG,04/08/2025,Công bố quyết định thành lập Công ty Điện lực Vũng Tàu
2025-08-05_CHUC-MUNG-SINH-NHAT-NHAN-VIEN-NET-VAN-HOA-TAI,05/08/2025,Chúc mừng sinh nhật nhân viên – nét văn hóa doanh nghiệp
2025-08-11_Can-cu-theo-van-ban-so-3053-EVNHCMC-AT-TCNS-ngay-29-07-2025-cua-Tong,11/08/2025,Triển khai Văn bản số 3053/EVNHCMC-AT-TCNS của Tổng công ty
2025-08-13_Sang-nay-ngay-13-08-2025-Doan-cong-tac-Tong-Cong-ty-Dien-luc-Thanh,13/08/2025,Đoàn công tác Tổng công ty Điện lực TP.HCM làm việc tại Công ty
2025-08-20_Nham-ho-tro-Cong-ty-Dien-luc-Vung-Tau-tiep-nhan-va-giai-quyet-kip,20/08/2025,Hỗ trợ Công ty Điện lực Vũng Tàu tiếp nhận và giải quyết kịp thời công việc
2025-08-27_Sang-ngay-27-thang-08-nam-2025-doan-cong-tac-do-Ong-Pham-Quoc-Bao-Chu,27/08/2025,Đoàn công tác do ông Phạm Quốc Bảo dẫn đầu làm việc tại Công ty
2025-08-28_BUA-COM-CONG-DOAN-CHIA-SE-DOAN-KET-GAN,28/08/2025,"Bữa cơm Công đoàn – chia sẻ, đoàn kết, gắn bó"
2025-08-29_Cong-ty-Dien-luc-Vung-Tau-PCVT-to-chuc-Hoi-nghi-doi-thoai-nguoi-lao,29/08/2025,Hội nghị đối thoại người lao động
2025-09-04_Lanh-dao-Tong-cong-ty-Dien-luc-TP-Ho-Chi-Minh-kiem-tra-ra-soat-danh,04/09/2025,"Lãnh đạo Tổng công ty Điện lực TP.HCM kiểm tra, rà soát tại Công ty"
2025-09-08_DOAN-CONG-TAC-BAN-KY-THUAT-AN-TOAN-EVN-KIEM-TRA-HUONG-DAN-CONG-TAC,08/09/2025,"Đoàn công tác Ban Kỹ thuật – An toàn EVN kiểm tra, hướng dẫn công tác"
2025-10-06_DOAN-CO-SO-CONG-TY-DIEN-LUC-VUNG-TAU-THAM-DU-DAI-HOI-DAI-BIEU-DOAN,06/10/2025,Đoàn cơ sở Công ty tham dự Đại hội đại biểu Đoàn
2025-10-18_Ngay-18-10-2025-tai-Phuong-Vung-Tau-Cong-doan-Cong-ty-Dien-luc-Vung,18/10/2025,Hoạt động của Công đoàn Công ty tại phường Vũng Tàu
2025-11-28_CONG-NHAN-TANG-CUONG-TAI-CONG-TY-DIEN-LUC-VUNG-TAU-THI-LY-THUYET-KIEM,28/11/2025,"Công nhân tăng cường thi lý thuyết, kiểm tra tại Công ty"
2025-12-06_CUNG-THAY-AVATAR-HUONG-UNG-TUAN-LE-HONG-EVN-LAN-THU,06/12/2025,Cùng thay avatar hưởng ứng Tuần lễ Hồng EVN
2026-01-09_Doan-co-so-Cong-ty-Dien-luc-Vung,09/01/2026,Hoạt động Đoàn cơ sở Công ty Điện lực Vũng Tàu
2026-01-15_Ngay-16-01-2026-Cong-ty-Dien-luc-Vung-Tau-PC-Vung-Tau-da-to-chuc-Le,16/01/2026,Lễ công bố quyết định về công tác cán bộ
2026-01-16_Trong-hai-ngay-15-va-16-01-2026-tai-Cong-ty-Dien-luc-Vung-Tau-Tong,16/01/2026,Lễ công bố quyết định về công tác cán bộ
2026-01-17_GOP-SUC-XUAN-TINH-NGUYEN-2026-DOAN-CO-SO-CONG-TY-DIEN-LUC-VUNG-TAU,17/01/2026,Góp sức Xuân tình nguyện 2026 – Đoàn cơ sở Công ty
2026-01-22_TIN-NHANH-DIEN-LUC-VUNG-TAU-KHI-NHUNG-BUOC-CHAN-CHINH-PHUC-THU,22/01/2026,Điện lực Vũng Tàu – khi những bước chân chinh phục thử thách
2026-01-23_PC-VUNG-TAU-CHUYEN-DOI-SO-TRONG-HOAT-DONG-PHONG-TRAO-DAU-AN-GIAI-DI,23/01/2026,PC Vũng Tàu chuyển đổi số trong hoạt động phong trào
2026-01-31_CONG-DOAN-CO-SO-VA-DOAN-THANH-NIEN-CONG-TY-DIEN-LUC-VUNG-TAU-TO-CHUC,31/01/2026,Công đoàn cơ sở và Đoàn Thanh niên Công ty tổ chức hoạt động
2026-01-31_VINH-DANH-2-DOI-CHAN-VANG-CUA-CONG-TY-DIEN-LUC-VUNG,31/01/2026,"Vinh danh hai ""đôi chân vàng"" của Công ty Điện lực Vũng Tàu"
2026-02-01_Sang-nay-thu-hai-ngay-02-02-2026-dung-07h30-phut-tai-diem-cau-so-4-So,02/02/2026,Hoạt động sáng 02/02/2026 tại điểm cầu số 4
2026-02-01_Sang-ngay-31-01-2026-Cong-ty-Dien-luc-Tan-Thuan-da-tham-gia-Hoi-thao,31/01/2026,Hội thao CNVC-LĐ EVNHCMC năm 2026
2026-02-02_EVNHCMC-to-chuc-thanh-cong-giai-chay-bo-Hoi-thao-CNVC-LD-nam-2026-tai,02/02/2026,Giải chạy bộ Hội thao CNVC-LĐ EVNHCMC năm 2026
2026-02-02_LAN-TOA-KHI-THE-XUAN-2026-TU-CON,02/02/2026,Lan tỏa khí thế Xuân 2026 từ Côn Đảo
2026-02-06_Dang-bo-Cong-ty-Dien-luc-Vung-Tau-Nghiem-tuc-hoc-tap-quan-triet-Nghi,06/02/2026,"Đảng bộ Công ty nghiêm túc học tập, quán triệt Nghị quyết"
2026-02-07_Sac-xuan-2026-tai-Doi-QLVH-Tong-hop-Dac-khu-Con,07/02/2026,Sắc xuân 2026 tại Đội QLVH Tổng hợp Đặc khu Côn Đảo
2026-02-12_CON-DAO-SAN-SANG-DAM-BAO-DIEN-AN-TOAN-ON,12/02/2026,"Côn Đảo sẵn sàng đảm bảo điện an toàn, ổn định"
2026-02-27_Soi-noi-Hoi-thao-Pickleball-EVNHCMC,27/02/2026,Sôi nổi Hội thao Pickleball EVNHCMC
2026-02-28_CONG-TY-DIEN-LUC-SAI-GON-THAM-DU-HOI-THAO-CNVC-LD-NAM-2026-TONG-CONG,28/02/2026,Hội thao CNVC-LĐ Tổng công ty năm 2026
2026-03-01_Cong-ty-CNTT-tham-gia-Hoi-thao-CNVC-LD-nam-2026-Mon-Pickleball-cua,01/03/2026,Hội thao CNVC-LĐ năm 2026 – môn Pickleball
2026-03-02_DANG-BO-CONG-TY-DIEN-LUC-VUNG-TAU-HANH-TRINH-VE-NGUON-THAP-SANG-LY,02/03/2026,"Đảng bộ Công ty – hành trình về nguồn, thắp sáng lý tưởng"
2026-03-03_CHI-BO-2-TRUC-THUOC-DANG-BO-CONG-TY-DIEN-LUC-VUNG-TAU-TO-CHUC-LE-KET,03/03/2026,Chi bộ 2 tổ chức Lễ kết nạp đảng viên mới
2026-03-04_CONG-TY-DIEN-LUC-VUNG-TAU-HUONG-UNG-LE-HOI-AO-DAI-NAM,04/03/2026,Công ty hưởng ứng Lễ hội Áo dài năm 2026
2026-03-09_Hoi-thi-nau-an-nhan-dip-Quoc-Te-Phu-Nu-8,09/03/2026,Hội thi nấu ăn nhân dịp Quốc tế Phụ nữ 8/3
2026-03-10_Ron-rang-sac-ao-dai-Am-ap-ngay-8-3-tai-Cong-ty-Dien-luc-Vung,10/03/2026,Rộn ràng sắc áo dài – ấm áp ngày 8/3
2026-03-11_Mot-buoi-chieu-tan-lam-o-PC-Vung,11/03/2026,Một buổi chiều tan làm ở PC Vũng Tàu
2026-03-14_Hoa-minh-trong-khong-khi-phan-khoi-cua-Ngay-hoi-non-song-Sang-nay,14/03/2026,Hòa mình trong không khí phấn khởi của Ngày hội non sông
2026-03-17_BAN-TIN-NHIP-NHANG-PHOI-HOP-TREN-TUYEN-480-THANH-BINH-GAN-KET-TINH,17/03/2026,Nhịp nhàng phối hợp trên tuyến 480 Thanh Bình
2026-03-17_THANH-NIEN-PC-VUNG-TAU-TIEP-NANG-LUONG-CONG,17/03/2026,Thanh niên PC Vũng Tàu tiếp năng lượng cộng đồng
2026-03-20_GOC-TU-HAO-QUOC-TE-HANH-PHUC-NHAN-DOI-TAN-BINH-DIEN-LUC-VUNG-TAU-CHAO,20/03/2026,Ngày Quốc tế Hạnh phúc – nhân đôi tân binh Điện lực Vũng Tàu
2026-03-25_Thuc-hien-theo-noi-dung-cua-van-ban-so-832-EVNHCMC-KD-ngay-27-02-2026,25/03/2026,Triển khai Văn bản số 832/EVNHCMC-KD
2026-03-26_Cong-ty-Dien-luc-Ben-Cat-tham-du-sinh-hoat-ky-3-thang-3-2026-Cum-thi,26/03/2026,Sinh hoạt Cụm thi đua kỳ 3 tháng 3/2026
2026-03-26_PC-DAT-DO-DANG-CAI-TO-CHUC-THANH-CONG-HOI-NGHI-SINH-HOAT-CUM-THI-DUA,26/03/2026,Hội nghị sinh hoạt Cụm thi đua (PC Đất Đỏ đăng cai)
2026-03-26_RUC-CHAY-KHAT-VONG-TUOI-TRE-PC-VUNG-TAU-TOA-SANG-TAI-NGAY-DOAN-VIEN,26/03/2026,Rực cháy khát vọng tuổi trẻ PC Vũng Tàu – Ngày Đoàn viên
2026-03-27_HUONG-UNG-GIO-TRAI-DAT-2026-TAI-CON,27/03/2026,Hưởng ứng Giờ Trái Đất 2026 tại Côn Đảo
2026-03-27_SANG-TAO-XANH-TUONG-LAI-XANH-CONG-TY-DIEN-LUC-VUNG-TAU-XUONG-DUONG-VI,27/03/2026,Sáng tạo xanh – tương lai xanh: Công ty xuống đường vì môi trường
2026-03-27_THANG-THANH-NIEN-2026-SINH-HOAT-CHI-DOAN-1-DOAN-CO-SO-PC-VUNG,27/03/2026,Tháng Thanh niên 2026 – sinh hoạt Chi đoàn 1
2026-04-03_VUNG-TAU-Ngay-02-4-2026-Doan-cong-tac-Tong-cong-ty-Dien-luc-TP-Ho-Chi,02/04/2026,Đoàn công tác Tổng công ty Điện lực TP.HCM làm việc tại Vũng Tàu
2026-04-08_TRAU-DOI-VA-TICH-LUY-KY-NANG-TAI-CUOC-THI-TIENG-ANH-DOAN-THANH-NIEN,08/04/2026,Cuộc thi tiếng Anh Đoàn Thanh niên
2026-04-11_CONG-TY-DIEN-LUC-VUNG-TAU-MO-MAN-BUNG-NO-TRAN-DAU-DAI,11/04/2026,Công ty mở màn bùng nổ trận đấu đầu tiên
2026-04-14_Pho-Giam-doc-Kinh-doanh-lam-viec-voi-Doi-Quan-ly-Thu-ghi-ve-tinh-hinh,14/04/2026,Phó Giám đốc Kinh doanh làm việc với Đội Quản lý Thu ghi
2026-04-15_CHI-DOAN-CO-SO-CONG-TY-DIEN-LUC-VUNG,15/04/2026,Hoạt động Chi đoàn cơ sở Công ty
2026-04-18_CON-DAO-HANH-TRINH-VE-NGUON-DAY-XUC,18/04/2026,Côn Đảo – hành trình về nguồn đầy xúc động
2026-05-04_NGUOI-GIU-LUA-THAM-LANG-PHIA-SAU-NHUNG-DONG,04/05/2026,Người giữ lửa thầm lặng phía sau những dòng điện
2026-05-05_NGUOI-THO-DET-ANH,05/05/2026,Người thợ dệt ánh sáng
2026-05-06_NGUOI-GIU-NHIP-HAU-PHUONG-BEN-SONG-BIEN-VUNG,06/05/2026,Người giữ nhịp hậu phương bên sóng biển Vũng Tàu
2026-05-06_cuocthitimhieudongnghiephieuEVN2026,06/05/2026,Cuộc thi Tìm hiểu đồng nghiệp EVN 2026
2026-05-09_GIAO-LUU-THE-THAO-KET-NOI-CHUYEN,09/05/2026,Giao lưu thể thao kết nối
2026-05-11_CONG-TY-DIEN-LUC-VUNG-TAU-THUC-HIEN-DAY-MANH-HOAN-THIEN-HE-THONG-DO,11/05/2026,Công ty đẩy mạnh hoàn thiện hệ thống đo đếm
2026-05-12_Tran-dau-dau-tien-cua-doi-bong-nu-Cong-ty-Dien-luc-Vung-Tau-da-khep,12/05/2026,Trận đấu đầu tiên của đội bóng nữ Công ty
2026-05-15_CONG-TY-DIEN-LUC-VUNG-TAU-CHAM-LO-SUC-KHOE-CBCNV-TAI-DAC-KHU-CON,15/05/2026,Chăm lo sức khỏe CBCNV tại Đặc khu Côn Đảo
2026-05-19_Hanh-trinh-vi-dai-cua-Chu-tich-Ho-Chi-Minh-qua-65-su-kien-https-luoc,19/05/2026,Hành trình vĩ đại của Chủ tịch Hồ Chí Minh qua 65 sự kiện
2026-05-22_Huong-ung-Thang-hanh-dong-ve-An-toan-ve-sinh-lao-dong-lan-thu-10-nam,22/05/2026,"Hưởng ứng Tháng hành động về An toàn, vệ sinh lao động"
2026-05-24_CONG-DOAN-THAM-HOI-DONG-VIEN-CONG,24/05/2026,"Công đoàn thăm hỏi, động viên công nhân"
2026-05-24_KHOI-DAU-TUAN-MOI-LAN-TOA-NANG-LUONG-TICH,24/05/2026,Khởi đầu tuần mới lan tỏa năng lượng tích cực
2026-05-30_NGAY-THU-BAY-TINH-NGUYEN-NANG-SUAT,30/05/2026,Ngày thứ Bảy tình nguyện năng suất
2026-05-31_AM-AP-BUOI-LE-CHAO-CO-DAU-TUAN-DIEN-LUC-VUNG-TAU-TRI-AN-VA-CHIA-TAY,31/05/2026,Lễ chào cờ đầu tuần – tri ân và chia tay
2026-06-11_DIEN-LUC-CON-DAO-TIEP-SUC-MUA,11/06/2026,Điện lực Côn Đảo tiếp sức mùa thi
2026-06-15_Nguoi-kiem,15/06/2026,"Gặp gỡ, lắng nghe An toàn vệ sinh viên năm 2026 và Tuyên dương An toàn vệ sinh viên tiêu biểu năm 2026"
2026-06-25_TUOI-TRE-PCVT-MANG-NANG-LUONG-AN-TOAN-TIET-KIEM-VA-SO-HOA-DEN-XA-CHAU,25/06/2026,"Tuổi trẻ PCVT mang năng lượng an toàn, tiết kiệm và số hóa đến xã Châu Pha"
2026-06-27_PC-Vung-Tau-huong-ung-Ngay-Gia-dinh,27/06/2026,PC Vũng Tàu hưởng ứng Ngày Gia đình Việt Nam
2026-06-27_TUYEN-DUONG-CAC-EM-HOC-SINH-GIOI-CUA-NGOI-NHA-PC-VUNG,27/06/2026,Tuyên dương các em học sinh giỏi của ngôi nhà PC Vũng Tàu
2026-07-01_VUNG-TAU-Nam-trong-chuoi-cac-hoat-dong-soi-noi-chao-mung-ky-niem-1,01/07/2026,Chào mừng kỷ niệm 1 năm thành lập Công ty
2026-07-06_Ngay-07-7-2026-tai-Cong-ty-Dien-luc-Vung-Tau-da-trang-trong-dien-ra,07/07/2026,Sự kiện trang trọng tại Công ty ngày 07/7/2026
2026-07-08_DIEN-LUC-DAC-KHU-CON-DAO-DAU-MOC-MOI-KHOI-DAU-CHANG-DUONG-PHAT,08/07/2026,"Điện lực Đặc khu Côn Đảo – dấu mốc mới, khởi đầu chặng đường phát triển"
2026-07-13_Cong-ty-Dien-luc-Vung-Tau-to-chuc-Huan-luyen-so-cuu-cap-cuu-Nam,13/07/2026,"Huấn luyện sơ cứu, cấp cứu năm 2026"
2026-07-16_Ngay-16-7-tai-Cong-ty-Dien-luc-Vung-Tau-da-to-chuc-Hoi-nghi-so-ket,16/07/2026,Hội nghị sơ kết 6 tháng đầu năm
2026-07-19_CONG-TY-DIEN-LUC-VUNG-TAU-TRI-AN-KHACH-HANG-CAI-APP-LIEN-TAY-NHAN,19/07/2026,Tri ân khách hàng – cài app liền tay nhận quà
2026-07-19_EVNHCMC-TO-CHUC-THANH-CONG-KHOA-DAO-TAO-GAN-KET-VAN-HOA-CUM-3-TAI-PC,19/07/2026,Khóa đào tạo gắn kết văn hóa Cụm 3 tại PC Vũng Tàu
2026-07-27_MOT-TAM-GUONG-DEP-CUA-TUOI-TRE,27/07/2026,Một tấm gương đẹp của tuổi trẻ
2026-07-27_PC-VUNG-TAU-THANH-KINH-TRI-AN-CAC-ANH-HUNG-LIET-SI-NHAN-NGAY-THUONG,27/07/2026,Tri ân các anh hùng liệt sĩ nhân Ngày Thương binh – Liệt sĩ 27/7
2026-07-29_Trai-he-truyen-thong-EVNHCMC-nam-2026-la-nhung-ky-uc-tuyet-dep-cho,29/07/2026,Trại hè truyền thống EVNHCMC năm 2026
2026-08-04_CONG-TY-DIEN-LUC-VUNG-TAU-NOI-NHUNG-TAM-TU-DUOC-LANG-NGHE-VA-CHIA,04/08/2026,Nơi những tâm tư được lắng nghe và chia sẻ
2026-08-04_DOAN-CO-SO-CONG-TY-DIEN-LUC-VUNG-TAU-CAI-TAO-DIEN-SINH-HOAT-TUYEN,04/08/2026,Đoàn cơ sở cải tạo điện sinh hoạt
2026-08-05_CHUC-MUNG-SINH-NHAT-DOAN-VIEN-PC-VUNG-TAU-THANG,05/08/2026,Chúc mừng sinh nhật đoàn viên PC Vũng Tàu
2026-08-09_CHI-BO-3-CONG-TY-DIEN-LUC-VUNG-TAU-HANH-TRINH-VE-NGUON-Y,09/08/2026,Chi bộ 3 – hành trình về nguồn ý nghĩa
2026-08-09_HANH-TRINH-TAI-TAO-NANG-LUONG-VA-KET-NOI-TAI-NHA-MAY-THUY-DIEN-TRI,09/08/2026,Hành trình tái tạo năng lượng tại Nhà máy Thủy điện Trị An
2026-08-16_Tuoi-tre-Doan-co-so-Cong-ty-Dien-luc-Vung-Tau-Doan-ket-trach-nhiem,16/08/2026,"Tuổi trẻ Đoàn cơ sở – đoàn kết, trách nhiệm"
2026-08-24_BUA-COM-CONG-DOAN-2026-AM-AP-MOT-MAM-COM-GAN-KET-MOT-TAP,24/08/2026,"Bữa cơm Công đoàn 2026 – ấm áp một mâm cơm, gắn kết một tập thể"
2026-08-24_BUA-COM-CONG-DOAN-CONG-TY-DIEN-LUC-VUNG-TAU-AM-AP-TINH-DONG-NGHIEP,24/08/2026,Bữa cơm Công đoàn – ấm áp tình đồng nghiệp
2026-08-25_AM-AP-BUA-COM-CONG-DOAN-THAT-CHAT-TINH-THAN-TAI-CO-SO-3-CONG-TY-DIEN,25/08/2026,Bữa cơm Công đoàn tại Cơ sở 3
2026-08-25_BUA-COM-CONG-DOAN-TIEP-THEM-NGUON-NANG,25/08/2026,Bữa cơm Công đoàn – tiếp thêm nguồn năng lượng
2026-08-26_BUA-COM-CONG-DOAN-2026-AM-AP-NGHIA-TINH-CHIA-SE-YEU,26/08/2026,"Bữa cơm Công đoàn 2026 – ấm áp nghĩa tình, chia sẻ yêu thương"
2026-09-02_Cong-ty-Dien-luc-Thu-Duc-thuc-hien-nhiem-vu-dam-bao-cung-cap-dien-an,02/09/2026,Đảm bảo cung cấp điện an toàn dịp Quốc khánh 2/9
2026-09-10_CON-DAO-CUNG-BUOC-LAN-TOA-NANG-LUONG-TICH,10/09/2026,Côn Đảo cùng bước – lan tỏa năng lượng tích cực
2026-09-15_Nang-cao-hieu-qua-van-hanh-qua-khoa-dao-tao-ISO-9001-2015-tai-Cong-ty,15/09/2026,Khóa đào tạo ISO 9001:2015 nâng cao hiệu quả vận hành
2026-09-20_CHU-DONG-DAM-BAO-AN-TOAN-LUOI-DIEN-MUA-MUA,20/09/2026,Chủ động đảm bảo an toàn lưới điện mùa mưa
2026-09-23_DOAN-THANH-NIEN-CONG-TY-DIEN-LUC-VUNG-TAU-HANH-TRINH-VE-NGUON-TAI-DI,23/09/2026,Đoàn Thanh niên Công ty – hành trình về nguồn
2026-09-24_DEM-HOI-TRANG-RAM-TRAO-YEU-THUONG-GAN-KET-GIA-DINH,24/09/2026,"Đêm hội trăng rằm – trao yêu thương, gắn kết gia đình"
