tuong,hang_uu_tien,id,nam,loai,ten_file_goc
giua,,bk_1994_bct_47,1994,bang_khen,1994 - BCT - Bằng khen (47).png
giua,,co_1994_cd_evnspc_73,1994,co,1994 - Công đoàn Công ty Điện lực 2 - Đơn vị hoạt động công đoàn xuất sắc (73).jpg
giua,,co_1995_cd_evnspc_35,1995,co,1995 - Công đoàn Công ty Điện lực 2 - Công đoàn cơ sở có thành tích hoạt động công đoàn xuất sắc (35).jpg
giua,,co_1996_cd_evnspc_23,1996,co,1996 - Công đoàn Công ty Điện lực 2 - Đơn vị hoạt động công đoàn xuất sắc (23).jpg
giua,,bk_1998_evn_49,1998,bang_khen,1998 - EVN - Bang khen (49).png
giua,,co_1998_evn_58,1998,co,1998 - Tổng Công ty Điện lực Việt Nam - Đơn vị thi đua xuất sắc - Điện lực Bà Rịa - Vũng Tàu (58).jpg
giua,,co_1998_tldldvn_64,1998,co,1998 - Tổng Liên đoàn Lao động Việt Nam - Đơn vị xuất sắc nhất phong trào Xanh - Sạch - Đẹp bảo đảm an toàn vệ sinh lao động (64).jpg
giua,,bk_1999_evn_113,1999,bang_khen,1999 - EVN - Bang khen (113).png
giua,,co_1999_evn_61,1999,co,1999 - Tổng Công ty Điện lực Việt Nam - Đơn vị thi đua xuất sắc - Điện lực Bà Rịa - Vũng Tàu (61).jpg
giua,,co_1999_tldldvn_65,1999,co,1999 - Tổng Liên đoàn Lao động Việt Nam - Đơn vị xuất sắc nhất phong trào Xanh - Sạch - Đẹp bảo đảm an toàn vệ sinh lao động (65).jpg
giua,,bk_2000_evn_52,2000,bang_khen,2000 - EVN - Bang khen (52).png
giua,,bk_2001_ctn_13,2001,bang_khen,2001 - CTN - Huan chuong (13).JPG
giua,,bk_2001_ctn_14,2001,bang_khen,2001 - CTN - Huan chuong (14).JPG
giua,,bk_2008_ctn_06,2008,bang_khen,2008 - CTN - Huan chuong (6).JPG
giua,,bk_2008_ctn_07,2008,bang_khen,2008 - CTN - Huan chuong (7).JPG
giua,,bk_2009_ttcp_61,2009,bang_khen,2009 - TTCP - Bang khen (61).png
giua,,bk_2009_evn_05,2009,bang_khen,2009 - EVN - Bang khen (5).jpg
giua,,bk_2010_ctn_08,2010,bang_khen,2010 - CTN - Huan chuong (8).JPG
giua,,bk_2010_evn_87,2010,bang_khen,2010 - EVN - Bang khen (87).png
giua,,bk_2011_tldldvn_89,2011,bang_khen,2011 - TLDLDVN - Bằng khen (89).png
giua,,bk_2012_evn_78,2012,bang_khen,2012 - EVN - Bang khen (78).png
giua,,bk_2013_evn_107,2013,bang_khen,2013 - EVN - Bang khen (107).png
giua,,bk_2014_ctn_10,2014,bang_khen,2014 - CTN - Huan chuong Lao dong Hang 1 (10).JPG
giua,,bk_2014_tldldvn_29,2014,bang_khen,2014 - TLDLDVN - Bang khen (29).png
giua,,bk_2015_evn_88,2015,bang_khen,2015 - EVN - Bang khen (88).png
giua,,co_2015_bct_43,2015,co,2015 - Bộ Công Thương - Đơn vị xuất sắc trong phong trào thi đua (43).jpg
giua,,bk_2016_ctn_11,2016,bang_khen,2016 - CTN - Huan chuong (11).JPG
giua,,bk_2016_ctn_12,2016,bang_khen,2016 - CTN - Huan chuong (12).JPG
giua,,co_2020_evn_45,2020,co,2020 - Tập đoàn Điện lực Việt Nam - Đơn vị thi đua xuất sắc (45).jpg
giua,,bk_2022_tldldvn_43,2022,bang_khen,2022 - TLDLDVN - Bang khen (43).png
tay,,bk_1985_ubnd_brvt_45,1985,bang_khen,1985 - UBND_BRVT - Bang khen (45).png
tay,,bk_1990_ubnd_brvt_46,1990,bang_khen,1990 - UBND_BRVT - Bang khen (46).png
tay,,bk_1994_ubnd_brvt_96,1994,bang_khen,1994 - UBND_BRVT - Bang khen (96).png
tay,,bk_1995_ldld_brvt_54,1995,bang_khen,1995 - LDLD_BRVT - Bang khen (54).png
tay,,bk_1996_ubnd_brvt_95,1996,bang_khen,1996 - UBND_BRVT - Bằng khen (95).png
tay,,bk_1997_ldld_brvt_31,1997,bang_khen,1997 - LDLD_BRVT - Bang khen (31).png
tay,,co_1997_cd_evnspc_63,1997,co,1997 - Công đoàn Công ty Điện lực 2 - Đơn vị hoạt động công đoàn xuất sắc (63).jpg
tay,,bk_1998_ubnd_brvt_97,1998,bang_khen,1998 - UBND_BRVT - Bằng khen (97).png
tay,,co_1998_cd_evnspc_57,1998,co,1998 - Công đoàn Công ty Điện lực 2 - Đơn vị hoạt động công đoàn xuất sắc (57).jpg
tay,,bk_1999_ubnd_brvt_103,1999,bang_khen,1999 - UBND_BRVT - Bằng khen (103).png
tay,,co_1999_cd_evnspc_16,1999,co,1999 - Công đoàn Công ty Điện lực 2 - Đơn vị hoạt động công đoàn xuất sắc (16).jpg
tay,,bk_2000_ubnd_brvt_82,2000,bang_khen,2000 - UBND_BRVT - Bằng khen (82).png
tay,,co_2000_cd_evnspc_18,2000,co,2000 - Công đoàn Công ty Điện lực 2 - Công đoàn cơ sở vững mạnh xuất sắc (18).jpg
tay,,bk_2004_ubnd_brvt_91,2004,bang_khen,2004 - UBND_BRVT - Bằng khen (91).png
tay,,co_2004_cd_evnspc_29,2004,co,2004 - Công đoàn Công ty Điện lực 2 - Đơn vị xuất sắc phong trào thi đua hoàn thành toàn diện các chỉ tiêu kinh tế kỹ thuật (29).jpg
tay,,bk_2005_ubnd_brvt_84,2005,bang_khen,2005 - UBND_BRVT - Bang khen (84).png
tay,,co_2005_cd_evnspc_27,2005,co,2005 - Công đoàn Công ty Điện lực 2 - Đơn vị xuất sắc phong trào thi đua hoàn thành toàn diện các chỉ tiêu kinh tế kỹ thuật (27).jpg
tay,,bk_2006_ubnd_brvt_85,2006,bang_khen,2006 - UBND_BRVT - Bang khen (85).png
tay,,bk_2006_ldld_brvt_39,2006,bang_khen,2006 - LDLD_BRVT - Bang khen (39).png
tay,,co_2006_cd_evnspc_24,2006,co,2006 - Công đoàn Công ty Điện lực 2 - Đơn vị thi đua xuất sắc phong trào công nhân viên chức lao động và hoạt động công đoàn (24).jpg
tay,,co_2007_cd_evnspc_28,2007,co,2007 - Công đoàn Công ty Điện lực 2 - Đơn vị xuất sắc phong trào thi đua hoàn thành toàn diện các chỉ tiêu kinh tế kỹ thuật (28).jpg
tay,,bk_2008_ubnd_brvt_27,2008,bang_khen,2008 - UBND_BRVT - Bang khen (27).png
tay,,co_2008_cd_evnspc_74,2008,co,2008 - Công đoàn Công ty Điện lực 2 - Đơn vị xuất sắc phong trào thi đua hoàn thành toàn diện các chỉ tiêu kinh tế kỹ thuật (74).jpg
tay,,bk_2009_ubnd_brvt_26,2009,bang_khen,2009 - UBND_BRVT - Bang khen (26).png
tay,,co_2009_cd_evnspc_17,2009,co,2009 - Công đoàn Công ty Điện lực 2 - Đơn vị xuất sắc phong trào thi đua hoàn thành toàn diện các chỉ tiêu kinh tế kỹ thuật (17).jpg
tay,,bk_2010_ubnd_brvt_70,2010,bang_khen,2010 - UBND_BRVT - Bang khen (70).png
tay,,bk_2011_ubnd_brvt_92,2011,bang_khen,2011 - UBND_BRVT - Bang khen (92).png
tay,,co_2011_cd_evnspc_13,2011,co,2011 - Công đoàn Tổng Công ty Điện lực miền Nam - Đơn vị xuất sắc phong trào thi đua hoàn thành toàn diện các chỉ tiêu kinh tế kỹ thuật (13).jpg
tay,,bk_2013_ubnd_brvt_36,2013,bang_khen,2013 - UBND_BRVT - Bằng khen (36).png
tay,,co_2013_cd_evnspc_20,2013,co,2013 - Công đoàn Tổng Công ty Điện lực miền Nam - Đơn vị xuất sắc phong trào thi đua hoàn thành toàn diện các chỉ tiêu kinh tế kỹ thuật (20).jpg
tay,,co_2014_cd_evnspc_26,2014,co,2014 - Công đoàn Tổng Công ty Điện lực miền Nam - Đơn vị xuất sắc phong trào thi đua hoàn thành toàn diện các chỉ tiêu kinh tế kỹ thuật (26).jpg
tay,,bk_2015_ubnd_brvt_02,2015,bang_khen,2015 - UBND_BRVT - Bang khen (2).jpg
tay,,bk_2016_ubnd_brvt_74,2016,bang_khen,2016 - UBND_BRVT - Bang khen (74).png
tay,,bk_2017_ubnd_brvt_28,2017,bang_khen,2017 - UBND_BRVT - Bang khen (28).png
tay,,bk_2018_ubnd_brvt_65,2018,bang_khen,2018 - UBND_BRVT - Bang khen (65).png
tay,,bk_2020_ubnd_brvt_83,2020,bang_khen,2020 - UBND_BRVT - Bang khen (83).png
tay,,bk_2022_ubnd_brvt_99,2022,bang_khen,2022 - UBND_BRVT - Bang khen (99).png
tay,,bk_2023_ubnd_brvt_81,2023,bang_khen,2023 - UBND_BRVT - Bang khen (81).png
tay,,bk_2024_danguy_brvt_25,2024,bang_khen,2024 - DANGUY_BRVT - Bang khen (25).png
tay,,bk_2025_ubnd_brvt_15,2025,bang_khen,2025 - UBND_BRVT - Bang khen (15).png
dong,,co_1991_ldld_brvt_34,1991,co,1991 - LĐLĐ tỉnh Bà Rịa Vũng Tàu - Hội thao CNVC-Lao động kỷ niệm 10 năm thành lập tỉnh - Lưu niệm (34).jpg
dong,,bk_1994_evnspc_56,1994,bang_khen,1994 - EVNSPC - Bằng khen (56).png
dong,,co_1995_ldld_tinh_ba_ria_33,1995,co,1995 - LĐLĐ tỉnh Bà Rịa - Vũng Tàu - Công đoàn cơ sở Sở Điện lực đơn vị xuất sắc phong trào xây dựng CĐCS vững mạnh (33).jpg
dong,,bk_1996_cd_evn_60,1996,bang_khen,1996 - CD_EVN - Bằng khen (60).png
dong,,co_1996_ban_chap_hanh_dang_bo_tinh_ba_ria_42,1996,co,1996 - Ban Chấp hành Đảng bộ tỉnh Bà Rịa - Vũng Tàu - Đảng bộ Điện lực tỉnh tổ chức cơ sở Đảng trong sạch vững mạnh 5 năm 1996-2000 (42).jpg
dong,,co_1996_ldld_tinh_ba_ria_47,1996,co,1996 - LĐLĐ tỉnh Bà Rịa - Vũng Tàu - CĐCS Điện lực Bà Rịa - Vũng Tàu đơn vị xuất sắc phong trào xây dựng công đoàn cơ sở vững mạnh (47).jpg
dong,,bk_1997_cd_evn_59,1997,bang_khen,1997 - CD_EVN - Bằng khen (59).png
dong,,bk_1997_evnspc_57,1997,bang_khen,1997 - EVNSPC - Bằng khen (57).png
dong,,bk_1998_evnspc_07,1998,bang_khen,1998 - EVNSPC - Bằng khen (7).png
dong,,bk_1999_cd_evnspc_69,1999,bang_khen,1999 - CD_EVNSPC - Bang khen (69).png
dong,,co_1999_cong_doan_cong_nghiep_viet_nam_56,1999,co,1999 - Công đoàn Công nghiệp Việt Nam - Công đoàn cơ sở vững mạnh xuất sắc (56).jpg
dong,,bk_2000_cd_bct_51,2000,bang_khen,2000 - CD_BCT - Bang khen (51).png
dong,,co_2000_cong_ty_dien_luc_2_72,2000,co,2000 - Công ty Điện lực 2 - Đơn vị thi đua xuất sắc - Điện lực Vũng Tàu (72).jpg
dong,,co_2000_unknown_00,2000,co,2000 - DOAN_BRVT - Co luu niem - Don vi tham gia tot phong trao tinh nguyen Nam Thanh nien (31d).jpg
dong,,co_2002_ban_chap_hanh_dang_bo_tinh_ba_ria_19,2002,co,2002 - Ban Chấp hành Đảng bộ tỉnh Bà Rịa - Vũng Tàu - Đảng bộ cơ sở Điện lực đạt trong sạch vững mạnh tiêu biểu 5 năm 2002-2006 (19).jpg
dong,,co_2002_cong_doan_cty_dien_luc_2_03,2002,co,2002 - Công đoàn Cty Điện lực 2 - Hội thao CNVC Lao động - PC2 Lưu niệm (3).jpg
dong,,co_2003_hoi_thao_cnvc_lao_dong_cty_dien_luc_2_71,2003,co,2003 - Hội thao CNVC Lao động Cty Điện lực 2 - Hạng III đôi nam quần vợt chung kết (71).jpg
dong,,co_2003_unknown_00,2003,co,2003 - LDLD_BRVT - Co hoi thao CNVC-LD - Hang Ba doi nam 18-39 tuoi (31b).jpg
dong,,co_2003_ubnd_tinh_ba_ria_50,2003,co,2003 - UBND tỉnh Bà Rịa - Vũng Tàu - CBCNV Điện lực Bà Rịa - Vũng Tàu đơn vị xuất sắc trong phong trào thi đua (50).jpg
dong,,co_2004_unknown_00,2004,co,2004 - Hội thi Giao tiếp khách hàng giỏi - Điện lực Bà Rịa - Vũng Tàu - Lưu niệm (69b).jpg
dong,,co_2004_ldld_tinh_ba_ria_02,2004,co,2004 - LĐLĐ tỉnh Bà Rịa - Vũng Tàu - Hội thao CNVC-Lao động kỷ niệm 75 năm thành lập CĐVN - Lưu niệm (2).jpg
dong,,co_2005_ldld_tinh_ba_ria_08,2005,co,2005 - LĐLĐ tỉnh Bà Rịa - Vũng Tàu - Hội thao CNVC-LĐ kỷ niệm 76 năm thành lập CĐVN - Lưu niệm (8).jpg
dong,,bk_2006_cd_evn_40,2006,bang_khen,2006 - CD_EVN - Bang khen (40).png
dong,,bk_2008_cd_evnspc_106,2008,bang_khen,2008 - CD_EVNSPC - Bang khen (106).png
dong,,bk_2008_evnspc_15,2008,bang_khen,2008 - EVNSPC - Bang khen (15).jpg
dong,,bk_2010_cd_evn_114,2010,bang_khen,2010 - CD_EVN - Bang khen (114).png
dong,,bk_2011_cd_evn_115,2011,bang_khen,2011 - CD_EVN - Bang khen (115).png
dong,,bk_2013_cd_evn_01,2013,bang_khen,2013 - CD_EVN - Bang khen (1).png
dong,,bk_2014_evnspc_03,2014,bang_khen,2014 - EVNSPC - Bang khen (3).jpg
dong,,co_2014_evnspc_60,2014,co,2014 - Tổng Công ty Điện lực miền Nam - Hội diễn văn nghệ - Giải Khuyến khích toàn đoàn (60).jpg
dong,,co_2015_cd_evnspc_12,2015,co,2015 - Công đoàn Tổng Công ty Điện lực miền Nam - Đơn vị xuất sắc phong trào thi đua hoàn thành toàn diện các chỉ tiêu kinh tế kỹ thuật (12).jpg
dong,,bk_2016_cd_evn_112,2016,bang_khen,2016 - CD_EVN - Bang khen (112).png
dong,,co_2016_cd_evnspc_51,2016,co,2016 - Công đoàn Tổng Công ty Điện lực miền Nam - Đơn vị xuất sắc phong trào thi đua hoàn thành toàn diện các chỉ tiêu kinh tế kỹ thuật (51).jpg
dong,,bk_2017_cd_evn_42,2017,bang_khen,2017 - CD_EVN - Bằng khen (42).png
dong,,bk_2018_evnspc_04,2018,bang_khen,2018 - EVNSPC - Bằng khen (4).jpg
dong,,co_2020_cd_evnspc_37,2020,co,2020 - Công đoàn Tổng Công ty Điện lực miền Nam - Đơn vị xuất sắc phong trào thi đua hoàn thành toàn diện các chỉ tiêu kinh tế kỹ thuật (37).jpg
dong,,co_2021_cd_evnspc_32,2021,co,2021 - Công đoàn Tổng Công ty Điện lực miền Nam - Đơn vị xuất sắc phong trào thi đua hoàn thành toàn diện các chỉ tiêu kinh tế kỹ thuật (32).jpg
dong,,co_2022_cd_evnspc_14,2022,co,2022 - Công đoàn Tổng Công ty Điện lực miền Nam - Đơn vị xuất sắc phong trào thi đua lao động giỏi và xây dựng tổ chức công đoàn vững mạnh (14).jpg
dong,,bk_2023_cd_evn_110,2023,bang_khen,2023 - CD_EVN - Bang khen (110).png
dong,,bk_2024_cd_evn_111,2024,bang_khen,2024 - CD_EVN - Bang khen (111).png
dong,,bk_2024_evnspc_01,2024,bang_khen,2024 - EVNSPC - Bang khen (1).jpg
